{
  "data": [
    {
      "SetName": "Report 1",
      "FieldCodes": "{OrderDate},{OrderNumber},{OrderName},{ModulePosn},{ModuleName}_{ModuleSize},{PanelCode},{PanelName},{FinishedLength},{FinishedWidth},{FinishedThickness},{CutLength},{CutWidth},{CutThickness},{FinishedMatlNameFull},{CoreMaterial},{TopLaminate},{BottomLaminate},{FinishedGrainDir},{TLGrainDir},{BLGrainDir},{W1EBThickness} X {W1EBWidth}_{W1EBColour}_EB,{W2EBThickness} X {W2EBWidth}_{W2EBColour}_EB,{L1EBThickness} X {L1EBWidth}_{L1EBColour}_EB,{L2EBThickness} X {L2EBWidth}_{L2EBColour}_EB,{TopBarCode},{BottomBarCode},{ModuleComment}",
      "FieldNames": "orderDate,orderNumber,orderName,moduleNumber,cabinetDescription,panelCode,panelDescription,finishedLength,finishedWidth,finishedThickness,cutLength,cutWidth,cutThickness,finalBoardMaterial,material,surfaceTop,surfaceBottom,grainDirection,TLGrainDir,BLGrainDir,EdgeBottomW1,EdgeRightL1,EdgeTopW2,EdgeLeftL2,topBarCode,bottomBarCode,Instructions"
    },
    {
      "SetName": "Report 2",
      "FieldCodes": "{OrderNumber},{OrderName},{OrderDate},{ModulePosn},{PanelName},{PanelCode},{ModuleName}_{ModuleSize},{FinishedMatlNameFull},{CoreMaterial},{W1EBThickness} X {W1EBWidth}_{W1EBColour}_EB,{W2EBThickness} X {W2EBWidth}_{W2EBColour}_EB,{L1EBThickness} X {L1EBWidth}_{L1EBColour}_EB,{L2EBThickness} X {L2EBWidth}_{L2EBColour}_EB,{TopLaminate},{TopBarCode},{BottomLaminate},{BottomBarCode},{CutLength},{CutWidth},{CutThickness},{FinishedLength},{FinishedWidth},{FinishedThickness},{Quantity},{FinishedGrainDir},{TLGrainDir},{BLGrainDir},{ModuleComment},{ModuleRemarks}",
      "FieldNames": "Order number,Order name,Order date,POSNo,Description,Panel barcode,Article name,Final boardoutput,Material,EdgeBottom W1,EdgeRight W2,EdgeTop L1,EdgeLeft L2,Surface top,Top barcode,Surface bottom,Bottom barcode,Cut length,Cut width,Cut thickness,Finished length,Finished width,Finished thickness,Qty,GrainFlag,TL Grain direction,BL Grain direction,Module comment,Cabinet Remarks"
    },
    {
      "SetName": "Report 3",
      "FieldCodes": "{OrderNumber},{OrderName},{OrderDate},{ModulePosn},{PanelName},{PanelCode},{ModuleName}_{ModuleSize},{FinishedMatlNameFull},{CoreMaterial},{W1EBThickness} X {W1EBWidth}_{W1EBColour}_EB,{L1EBThickness} X {L1EBWidth}_{L1EBColour}_EB,{W2EBThickness} X {W2EBWidth}_{W2EBColour}_EB,{L2EBThickness} X {L2EBWidth}_{L2EBColour}_EB,{TopLaminate},{TopBarCode},{BottomLaminate},{BottomBarCode},{CutLength},{CutWidth},{CutThickness},{FinishedLength},{FinishedWidth},{FinishedThickness},{Quantity},{FinishedGrainDir},{TLGrainDir},{BLGrainDir}",
      "FieldNames": "Order number,Order ame,Order date,POSNo,Description,Panel barcode,Article name,Final boardoutput,Material,EdgeBottom W1,EdgeTop L1,EdgeRight W2,EdgeLeft L2,SurfaceTop,Top barcode,SurfaceBottom,Bottom barcode,Cut length,Cut width,Cut thickness,Finished length,Finished width,Finished thickness,Qty,GrainFlag,TL Grain direction,BL Grain direction"
    }
  ]
}
